"1","A. Lacazette","Alexandre Lacazette","ARS","Arsenal","Arsenal","1","13.03.2020"
"2","B. Leno","Bernd Leno","ARS","Arsenal","Arsenal","2","13.03.2020"
"3","B. Saka","Bukayo Saka","ARS","Arsenal","Arsenal","3","13.03.2020"
"4","D. Ceballos","Dani Ceballos","ARS","Arsenal","Arsenal","4","13.03.2020"
"5","D. Luiz","David Luiz","ARS","Arsenal","Arsenal","5","13.03.2020"
"6","E. Nketiah","Edward Nketiah","ARS","Arsenal","Arsenal","6","13.03.2020"
"7","G. Xhaka","Granit Xhaka","ARS","Arsenal","Arsenal","7","13.03.2020"
"8","L. Torreira","Lucas Torreira","ARS","Arsenal","Arsenal","8","13.03.2020"
"9","P. Aubameyang","Pierre-Emerick Aubameyang","ARS","Arsenal","Arsenal","9","13.03.2020"
"10","S. Mustafi","Shkodran Mustafi","ARS","Arsenal","Arsenal","10","13.03.2020"
"11","S. Papastathopoulos","Sokratis Papastathopoulos","ARS","Arsenal","Arsenal","11","13.03.2020"
"12","H. Bellerín","Hector Bellerin","ARS","Arsenal","Arsenal","12","13.03.2020"
"13","M. Özil","Mesut Ozil","ARS","Arsenal","Arsenal","13","13.03.2020"
"14","N. Pépé","Nicolas Pepe","ARS","Arsenal","Arsenal","14","13.03.2020"
"15","A. El Ghazi","Anwar El Ghazi","AVL","Aston Villa","Aston Villa","15","13.03.2020"
"16","B. Engels","Bjorn Engels","AVL","Aston Villa","Aston Villa","16","13.03.2020"
"17","C. Hourihane","Conor Hourihane","AVL","Aston Villa","Aston Villa","17","13.03.2020"
"18","F. Guilbert","Frederic Guilbert","AVL","Aston Villa","Aston Villa","18","13.03.2020"
"19","J. Grealish","Jack Grealish","AVL","Aston Villa","Aston Villa","19","13.03.2020"
"20","K. Hause","Kortney Hause","AVL","Aston Villa","Aston Villa","20","13.03.2020"
"21","M. Nakamba","Marvelous Nakamba","AVL","Aston Villa","Aston Villa","21","13.03.2020"
"22","M. Samatta","Mbwana Samatta","AVL","Aston Villa","Aston Villa","22","13.03.2020"
"23","M. Targett","Matt Targett","AVL","Aston Villa","Aston Villa","23","13.03.2020"
"24","P. Reina","Pepe Reina","AVL","Aston Villa","Aston Villa","24","13.03.2020"
"25","T. Mings","Tyrone Mings","AVL","Aston Villa","Aston Villa","25","13.03.2020"
"26","Trezeguet","Trezeguet","AVL","Aston Villa","Aston Villa","26","13.03.2020"
"27","E. Konsa Ngoyo","Ezri Konsa","AVL","Aston Villa","Aston Villa","27","13.03.2020"
"28","A. Ramsdale","Aaron Ramsdale","BOU","Bournemouth","Bournemouth","28","13.03.2020"
"29","A. Smith","Adam Smith","BOU","Bournemouth","Bournemouth","29","13.03.2020"
"30","A. Surman","Andrew Surman","BOU","Bournemouth","Bournemouth","30","13.03.2020"
"31","C. Wilson","Callum Wilson","BOU","Bournemouth","Bournemouth","31","13.03.2020"
"32","D. Gosling","Dan Gosling","BOU","Bournemouth","Bournemouth","32","13.03.2020"
"33","D. Rico","Diego Rico","BOU","Bournemouth","Bournemouth","33","13.03.2020"
"34","D. Solanke","Dominic Solanke","BOU","Bournemouth","Bournemouth","34","13.03.2020"
"35","H. Wilson","Harry Wilson","BOU","Bournemouth","Bournemouth","35","13.03.2020"
"36","J. King","Joshua King","BOU","Bournemouth","Bournemouth","36","13.03.2020"
"37","J. Lerma","Jefferson Lerma","BOU","Bournemouth","Bournemouth","37","13.03.2020"
"38","J. Stacey","Jack Stacey","BOU","Bournemouth","Bournemouth","38","13.03.2020"
"39","L. Cook","Lewis Cook","BOU","Bournemouth","Bournemouth","39","13.03.2020"
"40","P. Billing","Philip Billing","BOU","Bournemouth","Bournemouth","40","13.03.2020"
"41","R. Fraser","Ryan Fraser","BOU","Bournemouth","Bournemouth","41","13.03.2020"
"42","S. Cook","Steve Cook","BOU","Bournemouth","Bournemouth","42","13.03.2020"
"43","S. Francis","Simon Francis","BOU","Bournemouth","Bournemouth","43","13.03.2020"
"44","N. Aké","Nathan Ake","BOU","Bournemouth","Bournemouth","44","13.03.2020"
"45","A. Jahandakhsh","Alireza Jahanbakhsh","BHA","Brighton","Brighton","45","13.03.2020"
"46","A. Mooy","Aaron Mooy","BHA","Brighton","Brighton","46","13.03.2020"
"47","A. Webster","Adam Webster","BHA","Brighton","Brighton","47","13.03.2020"
"48","D. Burn","Dan Burn","BHA","Brighton","Brighton","48","13.03.2020"
"49","E. Schelotto","Ezequiel Schelotto","BHA","Brighton","Brighton","49","13.03.2020"
"50","G. Murray","Glenn Murray","BHA","Brighton","Brighton","50","13.03.2020"
"51","J. Izquierdo","Jose Izquierdo","BHA","Brighton","Brighton","51","13.03.2020"
"52","L. Dunk","Lewis Dunk","BHA","Brighton","Brighton","52","13.03.2020"
"53","L. Trossard","Leandro Trossard","BHA","Brighton","Brighton","53","13.03.2020"
"54","M. Montoya","Martin Montoya","BHA","Brighton","Brighton","54","13.03.2020"
"55","M. Ryan","Mathew Ryan","BHA","Brighton","Brighton","55","13.03.2020"
"56","N. Maupay","Neal Maupay","BHA","Brighton","Brighton","56","13.03.2020"
"57","S. Alzate","Steven Alzate","BHA","Brighton","Brighton","57","13.03.2020"
"58","S. Duffy","Shane Duffy","BHA","Brighton","Brighton","58","13.03.2020"
"59","S. March","Solomon March","BHA","Brighton","Brighton","59","13.03.2020"
"60","Y. Bissouma","Yves Bissouma","BHA","Brighton","Brighton","60","13.03.2020"
"61","P. Groß","Pascal Gross","BHA","Brighton","Brighton","61","13.03.2020"
"62","D. Stephens","Dale Stephens","BHA","Brighton","Brighton","62","13.03.2020"
"63","D. Pröpper","Davy Propper","BHA","Brighton","Brighton","63","13.03.2020"
"64","A. Lennon","Aaron Lennon","BUR","Burnley","Burnley","64","13.03.2020"
"65","A. Westwood","Ashley Westwood","BUR","Burnley","Burnley","65","13.03.2020"
"66","B. Mee","Ben Mee","BUR","Burnley","Burnley","66","13.03.2020"
"67","C. Taylor","Charlie Taylor","BUR","Burnley","Burnley","67","13.03.2020"
"68","C. Wood","Chris Wood","BUR","Burnley","Burnley","68","13.03.2020"
"69","D. McNeil","Dwight McNeil","BUR","Burnley","Burnley","69","13.03.2020"
"70","J. Cork","Jack Cork","BUR","Burnley","Burnley","70","13.03.2020"
"71","J. Hendrick","Jeff Hendrick","BUR","Burnley","Burnley","71","13.03.2020"
"72","J. Tarkowski","James Tarkowski","BUR","Burnley","Burnley","72","13.03.2020"
"73","M. Vydra","Matej Vydra","BUR","Burnley","Burnley","73","13.03.2020"
"74","N. Pope","Nick Pope","BUR","Burnley","Burnley","74","13.03.2020"
"75","P. Bardsley","Phil Bardsley","BUR","Burnley","Burnley","75","13.03.2020"
"76","R. Brady","Robbie Brady","BUR","Burnley","Burnley","76","13.03.2020"
"77","J. Rodríguez","Jay Rodriguez","BUR","Burnley","Burnley","77","13.03.2020"
"78","A. Christensen","Andreas Christensen","CHE","Chelsea","Chelsea","78","13.03.2020"
"79","B. Gilmour","Billy Gilmour","CHE","Chelsea","Chelsea","79","13.03.2020"
"80","C. Azpilicueta","Cesar Azpilicueta","CHE","Chelsea","Chelsea","80","13.03.2020"
"81","F. Tomori","Fikayo Tomori","CHE","Chelsea","Chelsea","81","13.03.2020"
"82","K. Zouma","Kurt Zouma","CHE","Chelsea","Chelsea","82","13.03.2020"
"83","M. Alonso","Marcos Alonso","CHE","Chelsea","Chelsea","83","13.03.2020"
"84","M. Batshuayi","Michy Batshuayi","CHE","Chelsea","Chelsea","84","13.03.2020"
"85","M. Kovacic","Mateo Kovacic","CHE","Chelsea","Chelsea","85","13.03.2020"
"86","M. Mount","Mason Mount","CHE","Chelsea","Chelsea","86","13.03.2020"
"87","O. Giroud","Olivier Giroud","CHE","Chelsea","Chelsea","87","13.03.2020"
"88","Pedro","Pedro","CHE","Chelsea","Chelsea","88","13.03.2020"
"89","R. Barkley","Ross Barkley","CHE","Chelsea","Chelsea","89","13.03.2020"
"90","R. James","Reece James","CHE","Chelsea","Chelsea","90","13.03.2020"
"91","T. Abraham","Tammy Abraham","CHE","Chelsea","Chelsea","91","13.03.2020"
"92","W. Caballero","Wilfredo Caballero","CHE","Chelsea","Chelsea","92","13.03.2020"
"93","Willian","Willian","CHE","Chelsea","Chelsea","93","13.03.2020"
"94","A. Rüdiger","Antonio Rudiger","CHE","Chelsea","Chelsea","94","13.03.2020"
"95","K. Arrizabalaga","Kepa Arrizabalaga","CHE","Chelsea","Chelsea","95","13.03.2020"
"96","A. Townsend","Andros Townsend","CRY","Crystal Palace","Crystal Palace","96","13.03.2020"
"97","C. Benteke","Christian Benteke","CRY","Crystal Palace","Crystal Palace","97","13.03.2020"
"98","G. Cahill","Gary Cahill","CRY","Crystal Palace","Crystal Palace","98","13.03.2020"
"99","J. Ayew","Jordan Ayew","CRY","Crystal Palace","Crystal Palace","99","13.03.2020"
"100","J. McArthur","James McArthur","CRY","Crystal Palace","Crystal Palace","100","13.03.2020"
"101","J. McCarthy","James McCarthy","CRY","Crystal Palace","Crystal Palace","101","13.03.2020"
"102","J. Riedewald","Jairo Riedewald","CRY","Crystal Palace","Crystal Palace","102","13.03.2020"
"103","J. Ward","Joel Ward","CRY","Crystal Palace","Crystal Palace","103","13.03.2020"
"104","L. Milivojevic","Luka Milivojevic","CRY","Crystal Palace","Crystal Palace","104","13.03.2020"
"105","P. Aanholt","Patrick van Aanholt","CRY","Crystal Palace","Crystal Palace","105","13.03.2020"
"106","S. Dann","Scott Dann","CRY","Crystal Palace","Crystal Palace","106","13.03.2020"
"107","V. Guaita","Vicente Guaita","CRY","Crystal Palace","Crystal Palace","107","13.03.2020"
"108","W. Zaha","Wilfried Zaha","CRY","Crystal Palace","Crystal Palace","108","13.03.2020"
"109","C. Kouyaté","Cheikhou Kouyate","CRY","Crystal Palace","Crystal Palace","109","13.03.2020"
"110","A. Gomes","Andre Gomes","EVE","Everton","Everton","110","13.03.2020"
"111","A. Iwobi","Alex Iwobi","EVE","Everton","Everton","111","13.03.2020"
"112","Bernard","Bernard","EVE","Everton","Everton","112","13.03.2020"
"113","D. Calvert-Lewin","Dominic Calvert-Lewin","EVE","Everton","Everton","113","13.03.2020"
"114","F. Delph","Fabian Delph","EVE","Everton","Everton","114","13.03.2020"
"115","G. Sigurdsson","Gylfi Sigurdsson","EVE","Everton","Everton","115","13.03.2020"
"116","J. Pickford","Jordan Pickford","EVE","Everton","Everton","116","13.03.2020"
"117","L. Baines","Leighton Baines","EVE","Everton","Everton","117","13.03.2020"
"118","L. Digne","Lucas Digne","EVE","Everton","Everton","118","13.03.2020"
"119","M. Holgate","Mason Holgate","EVE","Everton","Everton","119","13.03.2020"
"120","M. Keane","Michael Keane","EVE","Everton","Everton","120","13.03.2020"
"121","M. Schneiderlin","Morgan Schneiderlin","EVE","Everton","Everton","121","13.03.2020"
"122","M. Stekelenburg","Maarten Stekelenburg","EVE","Everton","Everton","122","13.03.2020"
"123","Richarlison","Richarlison","EVE","Everton","Everton","123","13.03.2020"
"124","S. Coleman","Seamus Coleman","EVE","Everton","Everton","124","13.03.2020"
"125","T. Davies","Tom Davies","EVE","Everton","Everton","125","13.03.2020"
"126","T. Walcott","Theo Walcott","EVE","Everton","Everton","126","13.03.2020"
"127","Y. Mina","Yerry Mina","EVE","Everton","Everton","127","13.03.2020"
"128","D. Sidibé","Djibril Sidibe","EVE","Everton","Everton","128","13.03.2020"
"129","B. Chilwell","Ben Chilwell","LEI","Leicester","Leicester","129","13.03.2020"
"130","C. Soyuncu","Caglar Soyuncu","LEI","Leicester","Leicester","130","13.03.2020"
"131","D. Praet","Dennis Praet","LEI","Leicester","Leicester","131","13.03.2020"
"132","H. Barnes","Harvey Barnes","LEI","Leicester","Leicester","132","13.03.2020"
"133","H. Choudhury","Hamza Choudhury","LEI","Leicester","Leicester","133","13.03.2020"
"134","J. Evans","Jonny Evans","LEI","Leicester","Leicester","134","13.03.2020"
"135","J. Maddison","James Maddison","LEI","Leicester","Leicester","135","13.03.2020"
"136","J. Vardy","Jamie Vardy","LEI","Leicester","Leicester","136","13.03.2020"
"137","K. Iheanacho","Kelechi Iheanacho","LEI","Leicester","Leicester","137","13.03.2020"
"138","K. Schmeichel","Kasper Schmeichel","LEI","Leicester","Leicester","138","13.03.2020"
"139","O. Ndidi","Wilfred Ndidi","LEI","Leicester","Leicester","139","13.03.2020"
"140","R. Bennett","Ryan Bennett","LEI","Leicester","Leicester","140","13.03.2020"
"141","R. Pereira","Ricardo Pereira","LEI","Leicester","Leicester","141","13.03.2020"
"142","Y. Tielemans","Youri Tielemans","LEI","Leicester","Leicester","142","13.03.2020"
"143","A. Pérez","Ayoze Perez","LEI","Leicester","Leicester","143","13.03.2020"
"144","A. Lonergan","Andy Lonergan","LIV","Liverpool","Liverpool","144","13.03.2020"
"145","A. Oxlade-Chamberlain","Alex Oxlade-Chamberlain","LIV","Liverpool","Liverpool","145","13.03.2020"
"146","A. Robertson","Andrew Robertson","LIV","Liverpool","Liverpool","146","13.03.2020"
"147","B. Alisson","Alisson Becker","LIV","Liverpool","Liverpool","147","13.03.2020"
"148","D. Origi","Divock Origi","LIV","Liverpool","Liverpool","148","13.03.2020"
"149","G. Wijnaldum","Georginio Wijnaldum","LIV","Liverpool","Liverpool","149","13.03.2020"
"150","J. Gomez","Joe Gomez","LIV","Liverpool","Liverpool","150","13.03.2020"
"151","J. Milner","James Milner","LIV","Liverpool","Liverpool","151","13.03.2020"
"152","M. Salah","Mohamed Salah","LIV","Liverpool","Liverpool","152","13.03.2020"
"153","N. Keita","Naby Keita","LIV","Liverpool","Liverpool","153","13.03.2020"
"154","N. Williams","Neco Williams","LIV","Liverpool","Liverpool","154","13.03.2020"
"155","R. Firmino","Roberto Firmino","LIV","Liverpool","Liverpool","155","13.03.2020"
"156","T. Alexander-Arnold","Trent Alexander-Arnold","LIV","Liverpool","Liverpool","156","13.03.2020"
"157","T. Minamino","Takumi Minamino","LIV","Liverpool","Liverpool","157","13.03.2020"
"158","V. Dijk","Virgil van Dijk","LIV","Liverpool","Liverpool","158","13.03.2020"
"159","S. Mané","Sadio Mane","LIV","Liverpool","Liverpool","159","13.03.2020"
"160","B. Mendy","Benjamin Mendy","MCI","Manchester City","Manchester City","160","13.03.2020"
"161","B. Silva","Bernardo Silva","MCI","Manchester City","Manchester City","161","13.03.2020"
"162","D.Silva","David Silva","MCI","Manchester City","Manchester City","162","13.03.2020"
"163","Ederson","Ederson","MCI","Manchester City","Manchester City","163","13.03.2020"
"164","Fernandinho","Fernandinho","MCI","Manchester City","Manchester City","164","13.03.2020"
"165","G. Jesus","Gabriel Jesus","MCI","Manchester City","Manchester City","165","13.03.2020"
"166","J. Stones","John Stones","MCI","Manchester City","Manchester City","166","13.03.2020"
"167","K. De Bruyne","Kevin De Bruyne","MCI","Manchester City","Manchester City","167","13.03.2020"
"168","K. Walker","Kyle Walker","MCI","Manchester City","Manchester City","168","13.03.2020"
"169","N. Otamendi","Nicolas Otamendi","MCI","Manchester City","Manchester City","169","13.03.2020"
"170","O. Zinchenko","Oleksandr Zinchenko","MCI","Manchester City","Manchester City","170","13.03.2020"
"171","R. Mahrez","Riyad Mahrez","MCI","Manchester City","Manchester City","171","13.03.2020"
"172","R. Sterling","Raheem Sterling","MCI","Manchester City","Manchester City","172","13.03.2020"
"173","S. Agüero","Sergio Aguero","MCI","Manchester City","Manchester City","173","13.03.2020"
"174","I. Gündogan","Ilkay Gundogan","MCI","Manchester City","Manchester City","174","13.03.2020"
"175","A. Martial","Anthony Martial","MUN","Manchester United","Manchester Utd","175","13.03.2020"
"176","A. Wan-Bissaka","Aaron Wan-Bissaka","MUN","Manchester United","Manchester Utd","176","13.03.2020"
"177","B. Fernandes","Bruno Fernandes","MUN","Manchester United","Manchester Utd","177","13.03.2020"
"178","B. Williams","Brandon Williams","MUN","Manchester United","Manchester Utd","178","13.03.2020"
"179","D. de Gea","David de Gea","MUN","Manchester United","Manchester Utd","179","13.03.2020"
"180","D. James","Daniel James","MUN","Manchester United","Manchester Utd","180","13.03.2020"
"181","H. Maguire","Harry Maguire","MUN","Manchester United","Manchester Utd","181","13.03.2020"
"182","J. Garner","James Garner","MUN","Manchester United","Manchester Utd","182","13.03.2020"
"183","J. Mata","Juan Mata","MUN","Manchester United","Manchester Utd","183","13.03.2020"
"184","M. Greenwood","Mason Greenwood","MUN","Manchester United","Manchester Utd","184","13.03.2020"
"185","N. Matic","Nemanja Matic","MUN","Manchester United","Manchester Utd","185","13.03.2020"
"186","O. Ighalo","Odion Ighalo","MUN","Manchester United","Manchester Utd","186","13.03.2020"
"187","S. McTominay","Scott McTominay","MUN","Manchester United","Manchester Utd","187","13.03.2020"
"188","V. Lindelöf","Victor Lindelof","MUN","Manchester United","Manchester Utd","188","13.03.2020"
"189","L. Shaw","Luke Shaw","MUN","Manchester United","Manchester Utd","189","13.03.2020"
"190","A. Saint-Maximin","Allan Saint-Maximin","NEW","Newcastle","Newcastle","190","13.03.2020"
"191","D. Gayle","Dwight Gayle","NEW","Newcastle","Newcastle","191","13.03.2020"
"192","D. Rose","Danny Rose","NEW","Newcastle","Newcastle","192","13.03.2020"
"193","F. Schar","Fabian Schar","NEW","Newcastle","Newcastle","193","13.03.2020"
"194","I. Hayden","Isaac Hayden","NEW","Newcastle","Newcastle","194","13.03.2020"
"195","J. Lascelles","Jamaal Lascelles","NEW","Newcastle","Newcastle","195","13.03.2020"
"196","J. Manquillo","Javier Manquillo","NEW","Newcastle","Newcastle","196","13.03.2020"
"197","J. Shelvey","Jonjo Shelvey","NEW","Newcastle","Newcastle","197","13.03.2020"
"198","Joelinton","Joelinton","NEW","Newcastle","Newcastle","198","13.03.2020"
"199","M. Dubravka","Martin Dubravka","NEW","Newcastle","Newcastle","199","13.03.2020"
"200","M. Ritchie","Matt Ritchie","NEW","Newcastle","Newcastle","200","13.03.2020"
"201","N. Bentaleb","Nabil Bentaleb","NEW","Newcastle","Newcastle","201","13.03.2020"
"202","S. S. Longstaff","Sean Longstaff","NEW","Newcastle","Newcastle","202","13.03.2020"
"203","V. Lazaro","Valentino Lazaro","NEW","Newcastle","Newcastle","203","13.03.2020"
"204","F. Fernández","Federico Fernandez","NEW","Newcastle","Newcastle","204","13.03.2020"
"205","M. Almirón","Miguel Almiron","NEW","Newcastle","Newcastle","205","13.03.2020"
"206","J. Drmic","Josip Drmic","NOR","Norwich","Norwich","206","13.03.2020"
"207","T. Pukki","Teemu Pukki","NOR","Norwich","Norwich","207","13.03.2020"
"208","T. Krul","Tim Krul","NOR","Norwich","Norwich","208","13.03.2020"
"209","T. Cantwell","Todd Cantwell","NOR","Norwich","Norwich","209","13.03.2020"
"210","A. Tettey","Alexander Tettey","NOR","Norwich","Norwich","210","13.03.2020"
"211","B. Godfrey","Ben Godfrey","NOR","Norwich","Norwich","211","13.03.2020"
"212","E. Buendía","Emiliano Buendia","NOR","Norwich","Norwich","212","13.03.2020"
"213","G. Hanley","Grant Hanley","NOR","Norwich","Norwich","213","13.03.2020"
"214","J. Lewis","Jamal Lewis","NOR","Norwich","Norwich","214","13.03.2020"
"215","K. McLean","Kenny McLean","NOR","Norwich","Norwich","215","13.03.2020"
"216","L. Rupp","Lukas Rupp","NOR","Norwich","Norwich","216","13.03.2020"
"217","M. Aarons","Max Aarons","NOR","Norwich","Norwich","217","13.03.2020"
"218","O. Duda","Ondrej Duda","NOR","Norwich","Norwich","218","13.03.2020"
"219","B. Osborn","Ben Osborn","SHU","Sheffield United","Sheffield United","219","13.03.2020"
"220","B. Sharp","Billy Sharp","SHU","Sheffield United","Sheffield United","220","13.03.2020"
"221","C. Basham","Chris Basham","SHU","Sheffield United","Sheffield United","221","13.03.2020"
"222","D. Henderson","Dean Henderson","SHU","Sheffield United","Sheffield United","222","13.03.2020"
"223","E. Stevens","Enda Stevens","SHU","Sheffield United","Sheffield United","223","13.03.2020"
"224","G. Baldock","George Baldock","SHU","Sheffield United","Sheffield United","224","13.03.2020"
"225","J. Egan","John Egan","SHU","Sheffield United","Sheffield United","225","13.03.2020"
"226","J. Fleck","John Fleck","SHU","Sheffield United","Sheffield United","226","13.03.2020"
"227","J. Lundstram","John Lundstram","SHU","Sheffield United","Sheffield United","227","13.03.2020"
"228","J. O'Connell","Jack O'Connell","SHU","Sheffield United","Sheffield United","228","13.03.2020"
"229","K. K. Freeman","Kieron Freeman","SHU","Sheffield United","Sheffield United","229","13.03.2020"
"230","L. Mousset","Lys Mousset","SHU","Sheffield United","Sheffield United","230","13.03.2020"
"231","O. McBurnie","Oliver McBurnie","SHU","Sheffield United","Sheffield United","231","13.03.2020"
"232","O. Norwood","Oliver Norwood","SHU","Sheffield United","Sheffield United","232","13.03.2020"
"233","S. Berge","Sander Berge","SHU","Sheffield United","Sheffield United","233","13.03.2020"
"234","D. McGoldrick","David McGoldrick","SHU","Sheffield United","Sheffield United","234","13.03.2020"
"235","A. McCarthy","Alex McCarthy","SOU","Southampton","Southampton","235","13.03.2020"
"236","C. Adams","Che Adams","SOU","Southampton","Southampton","236","13.03.2020"
"237","D. Ings","Danny Ings","SOU","Southampton","Southampton","237","13.03.2020"
"238","J. Bednarek","Jan Bednarek","SOU","Southampton","Southampton","238","13.03.2020"
"239","J. Stephens","Jack Stephens","SOU","Southampton","Southampton","239","13.03.2020"
"240","J. Vestergaard","Jannik Vestergaard","SOU","Southampton","Southampton","240","13.03.2020"
"241","J. Ward-Prowse","James Ward-Prowse","SOU","Southampton","Southampton","241","13.03.2020"
"242","K. Walker-Peters","Kyle Walker-Peters","SOU","Southampton","Southampton","242","13.03.2020"
"243","M. Djenepo","Moussa Djenepo","SOU","Southampton","Southampton","243","13.03.2020"
"244","M. Obafemi","Michael Obafemi","SOU","Southampton","Southampton","244","13.03.2020"
"245","O. Romeu","Oriol Romeu","SOU","Southampton","Southampton","245","13.03.2020"
"246","R. Bertrand","Ryan Bertrand","SOU","Southampton","Southampton","246","13.03.2020"
"247","S. Armstrong","Stuart Armstrong","SOU","Southampton","Southampton","247","13.03.2020"
"248","S. Boufal","Sofiane Boufal","SOU","Southampton","Southampton","248","13.03.2020"
"249","S. Long","Shane Long","SOU","Southampton","Southampton","249","13.03.2020"
"250","W. Smallbone","William Smallbone","SOU","Southampton","Southampton","250","13.03.2020"
"251","Y. Valery","Yan Valery","SOU","Southampton","Southampton","251","13.03.2020"
"252","P. Höjbjerg","Pierre-Emile Hojbjerg","SOU","Southampton","Southampton","252","13.03.2020"
"253","B. Davies","Ben Davies","TOT","Spurs","Tottenham","253","13.03.2020"
"254","D. Alli","Dele Alli","TOT","Spurs","Tottenham","254","13.03.2020"
"255","G. Lo Celso","Giovani Lo Celso","TOT","Spurs","Tottenham","255","13.03.2020"
"256","H. Lloris","Hugo Lloris","TOT","Spurs","Tottenham","256","13.03.2020"
"257","H. Winks","Harry Winks","TOT","Spurs","Tottenham","257","13.03.2020"
"258","J. Tanganga","Japhet Tanganga","TOT","Spurs","Tottenham","258","13.03.2020"
"259","J. Vertonghen","Jan Vertonghen","TOT","Spurs","Tottenham","259","13.03.2020"
"260","L. Moura","Lucas Moura","TOT","Spurs","Tottenham","260","13.03.2020"
"261","S. Aurier","Serge Aurier","TOT","Spurs","Tottenham","261","13.03.2020"
"262","S. Bergwijn","Steven Bergwijn","TOT","Spurs","Tottenham","262","13.03.2020"
"263","T. Alderweireld","Toby Alderweireld","TOT","Spurs","Tottenham","263","13.03.2020"
"264","T. Parrott","Troy Parrott","TOT","Spurs","Tottenham","264","13.03.2020"
"265","T. Ndombélé","Tanguy Ndombele","TOT","Spurs","Tottenham","265","13.03.2020"
"266","D. Sánchez","Davinson Sanchez","TOT","Spurs","Tottenham","266","13.03.2020"
"267","É. Lamela","Erik Lamela","TOT","Spurs","Tottenham","267","13.03.2020"
"268","A. Mariappa","Adrian Mariappa","WAT","Watford","Watford","268","13.03.2020"
"269","A. Masina","Adam Masina","WAT","Watford","Watford","269","13.03.2020"
"270","B. Foster","Ben Foster","WAT","Watford","Watford","270","13.03.2020"
"271","C. Cathcart","Craig Cathcart","WAT","Watford","Watford","271","13.03.2020"
"272","C. Dawson","Craig Dawson","WAT","Watford","Watford","272","13.03.2020"
"273","C. Kabasele","Christian Kabasele","WAT","Watford","Watford","273","13.03.2020"
"274","D. Welbeck","Danny Welbeck","WAT","Watford","Watford","274","13.03.2020"
"275","G. Deulofeu","Gerard Deulofeu","WAT","Watford","Watford","275","13.03.2020"
"276","I. Pussetto","Ignacio Pussetto","WAT","Watford","Watford","276","13.03.2020"
"277","I. Sarr","Ismaila Sarr","WAT","Watford","Watford","277","13.03.2020"
"278","R. Pereyra","Roberto Pereyra","WAT","Watford","Watford","278","13.03.2020"
"279","T. Deeney","Troy Deeney","WAT","Watford","Watford","279","13.03.2020"
"280","W. Hughes","Will Hughes","WAT","Watford","Watford","280","13.03.2020"
"281","A. Doucouré","Abdoulaye Doucoure","WAT","Watford","Watford","281","13.03.2020"
"282","É. Capoue","Etienne Capoue","WAT","Watford","Watford","282","13.03.2020"
"283","K. Femenía","Kiko Femenia","WAT","Watford","Watford","283","13.03.2020"
"284","A. Cresswell","Aaron Cresswell","WHU","West Ham","West Ham","284","13.03.2020"
"285","A. Masuaku","Arthur Masuaku","WHU","West Ham","West Ham","285","13.03.2020"
"286","A. Ogbonna","Angelo Ogbonna","WHU","West Ham","West Ham","286","13.03.2020"
"287","D. Rice","Declan Rice","WHU","West Ham","West Ham","287","13.03.2020"
"288","F. Anderson","Felipe Anderson","WHU","West Ham","West Ham","288","13.03.2020"
"289","I. Diop","Issa Diop","WHU","West Ham","West Ham","289","13.03.2020"
"290","J. Bowen","Jarrod Bowen","WHU","West Ham","West Ham","290","13.03.2020"
"291","J. Ngakia","Jeremy Ngakia","WHU","West Ham","West Ham","291","13.03.2020"
"292","L. Fabianski","Lukasz Fabianski","WHU","West Ham","West Ham","292","13.03.2020"
"293","M. Antonio","Michail Antonio","WHU","West Ham","West Ham","293","13.03.2020"
"294","M. Noble","Mark Noble","WHU","West Ham","West Ham","294","13.03.2020"
"295","P. Fornals","Pablo Fornals","WHU","West Ham","West Ham","295","13.03.2020"
"296","R. Snodgrass","Robert Snodgrass","WHU","West Ham","West Ham","296","13.03.2020"
"297","S. Haller","Sebastien Haller","WHU","West Ham","West Ham","297","13.03.2020"
"298","A. Traore","Adama Traore","WLV","Wolves","Wolverhampton","298","13.03.2020"
"299","C. Coady","Conor Coady","WLV","Wolves","Wolverhampton","299","13.03.2020"
"300","D. Jota","Diogo Jota","WLV","Wolves","Wolverhampton","300","13.03.2020"
"301","J. Moutinho","Joao Moutinho","WLV","Wolves","Wolverhampton","301","13.03.2020"
"302","L. Dendoncker","Leander Dendoncker","WLV","Wolves","Wolverhampton","302","13.03.2020"
"303","M. Doherty","Matt Doherty","WLV","Wolves","Wolverhampton","303","13.03.2020"
"304","P. Neto","Pedro Neto","WLV","Wolves","Wolverhampton","304","13.03.2020"
"305","R. Neves","Ruben Neves","WLV","Wolves","Wolverhampton","305","13.03.2020"
"306","R. Patricio","Rui Patricio","WLV","Wolves","Wolverhampton","306","13.03.2020"
"307","W. Boly","Willy Boly","WLV","Wolves","Wolverhampton","307","13.03.2020"
"308","R. Jiménez","Raul Jimenez","WLV","Wolves","Wolverhampton","308","13.03.2020"
"309","R. Saïss","Romain Saiss","WLV","Wolves","Wolverhampton","309","13.03.2020"
"310","T. Werner","Timo Werner","RBL","Leipzig","RB Leipzig","310","06.06.2020"
"311","M. Sabitzer","Marcel Sabitzer","RBL","Leipzig","RB Leipzig","311","06.06.2020"
"312","K. Laimer","Konrad Laimer","RBL","Leipzig","RB Leipzig","312","06.06.2020"
"313","C. Nkunku","Christopher Nkunku","RBL","Leipzig","RB Leipzig","313","06.06.2020"
"314","Angelino","Angelino","RBL","Leipzig","RB Leipzig","314","06.06.2020"
"315","L. Klostermann","Lukas Klostermann","RBL","Leipzig","RB Leipzig","315","06.06.2020"
"316","P. Gulácsi","Peter Gulacsi","RBL","Leipzig","RB Leipzig","316","06.06.2020"
"317","N. Mukiele","Nordi Mukiele","RBL","Leipzig","RB Leipzig","317","06.06.2020"
"318","M. Halstenberg","Marcel Halstenberg","RBL","Leipzig","RB Leipzig","318","06.06.2020"
"319","R. Lewandowski","Robert Lewandowski","MUN","Munich","Bayern München","319","06.06.2020"
"320","S. Gnabry","Serge Gnabry","MUN","Munich","Bayern München","320","06.06.2020"
"321","T. Muller","Thomas Muller","MUN","Munich","Bayern München","321","06.06.2020"
"322","J. Sancho","Jadon Sancho","DOR","Dortmund","Borussia Dortmund","322","06.06.2020"
"323","E. Haaland","Erling Haaland","DOR","Dortmund","Borussia Dortmund","323","06.06.2020"
"324","Thiago","Thiago Alcantara","MUN","Munich","Bayern München","324","06.06.2020"
"325","J. Kimmich","Joshua Kimmich","MUN","Munich","Bayern München","325","06.06.2020"
"326","P. Schick","Patrik Schick","RBL","Leipzig","RB Leipzig","326","06.06.2020"
"327","T. Hazard","Thorgan Hazard","DOR","Dortmund","Borussia Dortmund","327","06.06.2020"
"328","K. Coman","Kingsley Coman","MUN","Munich","Bayern München","328","06.06.2020"
"329","A. Hakimi","Achraf Hakimi","DOR","Dortmund","Borussia Dortmund","329","06.06.2020"
"330","R. Guerreiro","Raphael Guerreiro","DOR","Dortmund","Borussia Dortmund","330","06.06.2020"
"331","J. Brandt","Julian Brandt","DOR","Dortmund","Borussia Dortmund","331","06.06.2020"
"332","J. Córdoba","Jhon Cordoba","KLN","Cologne","1. FC Köln","332","06.06.2020"
"333","M. Neuer","Manuel Neuer","MUN","Munich","Bayern München","333","06.06.2020"
"334","M. Uth","Mark Uth","KLN","Cologne","1. FC Köln","334","06.06.2020"
"335","B. Pavard","Benjamin Pavard","MUN","Munich","Bayern München","335","06.06.2020"
"336","F. Kainz","Florian Kainz","KLN","Cologne","1. FC Köln","336","06.06.2020"
"337","A. Plea","Alassane Plea","BM","Gladbach","Borussia M'gladbach","337","06.06.2020"
"338","A. Davies","Alphonso Davies","MUN","Munich","Bayern München","338","06.06.2020"
"339","J. Hector","Jonas Hector","KLN","Cologne","1. FC Köln","339","06.06.2020"
"340","D. Alaba","David Alaba","MUN","Munich","Bayern München","340","06.06.2020"
"341","M. Thuram","Marcus Thuram","BM","Gladbach","Borussia M'gladbach","341","06.06.2020"
"342","T. Delaney","Thomas Delaney","DOR","Dortmund","Borussia Dortmund","342","06.06.2020"
"343","J. Boateng","Jerome Boateng","MUN","Munich","Bayern München","343","06.06.2020"
"344","C. Baumgartner","Christoph Baumgartner","HOF","Hoffenheim","TSG 1899 Hoffenheim","344","06.06.2020"
"345","I. Bebou","Ihlas Bebou","HOF","Hoffenheim","TSG 1899 Hoffenheim","345","06.06.2020"
"346","R. Hennings","Rouwen Hennings","DUS","Dusseldorf","Fortuna Düsseldorf","346","06.06.2020"
"347","B. Embolo","Breel Embolo","BM","Gladbach","Borussia M'gladbach","347","06.06.2020"
"348","K. Karaman","Kenan Karaman","DUS","Dusseldorf","Fortuna Düsseldorf","348","06.06.2020"
"349","R. Burki","Roman Burki","DOR","Dortmund","Borussia Dortmund","349","06.06.2020"
"350","E. Thommy","Erik Thommy","DUS","Dusseldorf","Fortuna Düsseldorf","350","06.06.2020"
"351","S. Rudy","Sebastian Rudy","HOF","Hoffenheim","TSG 1899 Hoffenheim","351","06.06.2020"
"352","E. Skhiri","Ellyes Skhiri","KLN","Cologne","1. FC Köln","352","06.06.2020"
"353","F. Neuhaus","Florian Neuhaus","BM","Gladbach","Borussia M'gladbach","353","06.06.2020"
"354","F. Grillitsch","Florian Grillitsch","HOF","Hoffenheim","TSG 1899 Hoffenheim","354","06.06.2020"
"355","A. Angeliño","Angelino","RBL","Leipzig","RB Leipzig","355","06.06.2020"
"356","M. Hummels","Mats Hummels","DOR","Dortmund","Borussia Dortmund","356","06.06.2020"
"357","L. Piszczek","Lukasz Piszczek","DOR","Dortmund","Borussia Dortmund","357","06.06.2020"
"358","M. Arnold","Maximilian Arnold","WOL","Wolfsburg","Vfl Wolsburg","358","06.06.2020"
"359","J. Hofmann","Jonas Hofmann","BM","Gladbach","Borussia M'gladbach","359","06.06.2020"
"360","A. Mehmedi","Admir Mehmedi","WOL","Wolfsburg","Vfl Wolsburg","360","06.06.2020"
"361","D. Samassekou","Diadie Samassekou","HOF","Hoffenheim","TSG 1899 Hoffenheim","361","06.06.2020"
"362","D. Ginczek","Daniel Ginczek","WOL","Wolfsburg","Vfl Wolsburg","362","06.06.2020"
"363","M. Akanji","Manuel Akanji","DOR","Dortmund","Borussia Dortmund","363","06.06.2020"
"364","J. Brekalo","Josip Brekalo","WOL","Wolfsburg","Vfl Wolsburg","364","06.06.2020"
"365","T. Horn","Timo Horn","KLN","Cologne","1. FC Köln","365","06.06.2020"
"366","R. Steffen","Renato Steffen","WOL","Wolfsburg","Vfl Wolsburg","366","06.06.2020"
"367","S. Bornauw","Sebastiaan Bornauw","KLN","Cologne","1. FC Köln","367","06.06.2020"
"368","T. Strobl","Tobias Strobl","BM","Gladbach","Borussia M'gladbach","368","06.06.2020"
"369","O. Baumann","Oliver Baumann","HOF","Hoffenheim","TSG 1899 Hoffenheim","369","06.06.2020"
"370","V. Berisha","Valon Berisha","DUS","Dusseldorf","Fortuna Düsseldorf","370","06.06.2020"
"371","K. Ehizibue","Kingsley Ehizibue","KLN","Cologne","1. FC Köln","371","06.06.2020"
"372","X. Schlager","Xaver Schlager","WOL","Wolfsburg","Vfl Wolsburg","372","06.06.2020"
"373","R. Skov","Robert Skov","HOF","Hoffenheim","TSG 1899 Hoffenheim","373","06.06.2020"
"374","Y. Sommer","Yann Sommer","BM","Gladbach","Borussia M'gladbach","374","06.06.2020"
"375","F. Kostic","Filip Kostic","EF","Frankfurt","Eintracht Frankfurt","375","06.06.2020"
"376","B. Schmitz","Benno Schmitz","KLN","Cologne","1. FC Köln","376","06.06.2020"
"377","F. Kastenmeier","Florian Kastenmeier","DUS","Dusseldorf","Fortuna Düsseldorf","377","06.06.2020"
"378","F. Niederlechner","Florian Niederlechner","AUG","Augsburg","FC Augsburg","378","06.06.2020"
"379","P. Kaderabek","Pavel Kaderabek","HOF","Hoffenheim","TSG 1899 Hoffenheim","379","06.06.2020"
"380","B. Hubner","Benjamin Hubner","HOF","Hoffenheim","TSG 1899 Hoffenheim","380","06.06.2020"
"381","P. Max","Philipp Max","AUG","Augsburg","FC Augsburg","381","06.06.2020"
"382","S. Lainer","Stefan Lainer","BM","Gladbach","Borussia M'gladbach","382","06.06.2020"
"383","A. Silva","Andre Silva","EF","Frankfurt","Eintracht Frankfurt","383","06.06.2020"
"384","M. Richter","Marco Richter","AUG","Augsburg","FC Augsburg","384","06.06.2020"
"385","K. Akpoguma","Kevin Akpoguma","HOF","Hoffenheim","TSG 1899 Hoffenheim","385","06.06.2020"
"386","K. Ayhan","Kaan Ayhan","DUS","Dusseldorf","Fortuna Düsseldorf","386","06.06.2020"
"387","K. Casteels","Koen Casteels","WOL","Wolfsburg","Vfl Wolsburg","387","06.06.2020"
"388","M. Ginter","Matthias Ginter","BM","Gladbach","Borussia M'gladbach","388","06.06.2020"
"389","T. Leistner","Toni Leistner","KLN","Cologne","1. FC Köln","389","06.06.2020"
"390","M. Zimmermann","Matthias Zimmermann","DUS","Dusseldorf","Fortuna Düsseldorf","390","06.06.2020"
"391","R. Quaison","Robin Quaison","MAI","Mainz","1. FSV Main 05","391","06.06.2020"
"392","D. Srbeny","Dennis Srbeny","PAD","Paderborn","SC Paderborn 07","392","06.06.2020"
"393","N. Elvedi","Nico Elvedi","BM","Gladbach","Borussia M'gladbach","393","06.06.2020"
"394","A. Hoffmann","Andre Hoffmann","DUS","Dusseldorf","Fortuna Düsseldorf","394","06.06.2020"
"395","H. Nordtveit","Havard Nordtveit","HOF","Hoffenheim","TSG 1899 Hoffenheim","395","06.06.2020"
"396","S. Michel","Sven Michel","PAD","Paderborn","SC Paderborn 07","396","06.06.2020"
"397","S. Rode","Sebastian Rode","EF","Frankfurt","Eintracht Frankfurt","397","06.06.2020"
"398","M. Suttner","Markus Suttner","DUS","Dusseldorf","Fortuna Düsseldorf","398","06.06.2020"
"399","D. Lukebakio","Dodi Lukebakio","HB","Hertha","Hertha BSC","399","06.06.2020"
"400","J. Roussillon","Jerome Roussillon","WOL","Wolfsburg","Vfl Wolsburg","400","06.06.2020"
"401","D. Kamada","Daichi Kamada","EF","Frankfurt","Eintracht Frankfurt","401","06.06.2020"
"402","D. Kohr","Dominik Kohr","EF","Frankfurt","Eintracht Frankfurt","402","06.06.2020"
"403","R. Khedira","Rani Khedira","AUG","Augsburg","FC Augsburg","403","06.06.2020"
"404","K. Piatek","Krzysztof Piatek","HB","Hoffenheim","TSG 1899 Hoffenheim","404","06.06.2020"
"405","K. Trapp","Kevin Trapp","EF","Frankfurt","Eintracht Frankfurt","405","06.06.2020"
"406","J. Brooks","John Brooks","WOL","Wolfsburg","Vfl Wolsburg","406","06.06.2020"
"407","D. Baier","Daniel Baier","AUG","Augsburg","FC Augsburg","407","06.06.2020"
"408","R. Knoche","Robin Knoche","WOL","Wolfsburg","Vfl Wolsburg","408","06.06.2020"
"409","C. Antwi-Adjei","Christopher Antwi-Adjei","PAD","Paderborn","SC Paderborn 07","409","06.06.2020"
"410","M. Hasebe","Makoto Hasebe","EF","Frankfurt","Eintracht Frankfurt","410","06.06.2020"
"411","S. Ilsanker","Stefan Ilsanker","EF","Frankfurt","Eintracht Frankfurt","411","06.06.2020"
"412","R. Baku","Ridle Baku","MAI","Mainz","1. FSV Main 05","412","06.06.2020"
"413","M. Hinteregger","Martin Hinteregger","EF","Frankfurt","Eintracht Frankfurt","413","06.06.2020"
"414","S. Vasiliadis","Sebastian Vasiliadis","PAD","Paderborn","SC Paderborn 07","414","06.06.2020"
"415","T. Koubek","Tomas Koubek","AUG","Augsburg","FC Augsburg","415","06.06.2020"
"416","A. Harit","Amine Harit","SKE","Gelsenkirchen","FC Schalke 04","416","06.06.2020"
"417","L. Zingerle","Leopold Zingerle","PAD","Paderborn","SC Paderborn 07","417","06.06.2020"
"418","B. Raman","Benito Raman","SKE","Gelsenkirchen","FC Schalke 04","418","06.06.2020"
"419","A. Touré","Almamy Toure","EF","Frankfurt","Eintracht Frankfurt","419","06.06.2020"
"420","D. Latza","Danny Latza","MAI","Mainz","1. FSV Main 05","420","06.06.2020"
"421","S. Serdar","Suat Serdar","SKE","Gelsenkirchen","FC Schalke 04","421","06.06.2020"
"422","P. Otavio","Paulo Otavio","WOL","Wolfsburg","Vfl Wolsburg","422","06.06.2020"
"423","T. Jedvaj","Tin Jedvaj","AUG","Augsburg","FC Augsburg","423","06.06.2020"
"424","S. Ascacibar","Santiago Ascacibar","HB","Hoffenheim","TSG 1899 Hoffenheim","424","06.06.2020"
"425","S. Fridjónsson","Samuel Fridjonsson","PAD","Paderborn","SC Paderborn 07","425","06.06.2020"
"426","L. Barreiro","Leandro Barreiro","MAI","Mainz","1. FSV Main 05","426","06.06.2020"
"427","J. Collins","Jamilu Collins","PAD","Paderborn","SC Paderborn 07","427","06.06.2020"
"428","J. Gouweleeuw","Jeffrey Gouweleeuw","AUG","Augsburg","FC Augsburg","428","06.06.2020"
"429","N. Petersen","Nils Petersen","FBG","Freiburg","SC Freiburg","429","06.06.2020"
"430","G. Burgstaller","Guido Burgstaller","SKE","Gelsenkirchen","FC Schalke 04","430","06.06.2020"
"431","S. Schonlau","Sebastian Schonlau","PAD","Paderborn","SC Paderborn 07","431","06.06.2020"
"432","W. McKennie","Weston McKennie","SKE","Gelsenkirchen","FC Schalke 04","432","06.06.2020"
"433","L. Jans","Laurent Jans","PAD","Paderborn","SC Paderborn 07","433","06.06.2020"
"434","D. Boyata","Dedryck Boyata","HB","Hertha","Hertha BSC","434","06.06.2020"
"435","L. Waldschmidt","Luca Waldschmidt","FBG","Freiburg","SC Freiburg","435","06.06.2020"
"436","C. Strohdiek","Christian Strohdiek","PAD","Paderborn","SC Paderborn 07","436","06.06.2020"
"437","V. Grifo","Vincenzo Grifo","FBG","Freiburg","SC Freiburg","437","06.06.2020"
"438","M. Niakhaté","Moussa Niakhate","MAI","Mainz","1. FSV Main 05","438","06.06.2020"
"439","R. Framberger","Raphael Framberger","AUG","Augsburg","FC Augsburg","439","06.06.2020"
"440","S. Andersson","Sebastian Andersson","UB","U Berlin","1. FC Union Berlin","440","06.06.2020"
"441","M. Mittelstadt","Maximilian Mittelstadt","HB","Hertha","Hertha BSC","441","06.06.2020"
"442","J. Haberer","Janik Haberer","FBG","Freiburg","SC Freiburg","442","06.06.2020"
"443","R. Pierre-Gabriel","Ronael Pierre-Gabriel","MAI","Mainz","1. FSV Main 05","443","06.06.2020"
"444","L. Klunter","Lukas Klunter","HB","Hertha","Hertha BSC","444","06.06.2020"
"445","N. Stark","Niklas Stark","HB","Hertha","Hertha BSC","445","06.06.2020"
"446","J. Bruma","Jeffrey Bruma","MAI","Mainz","1. FSV Main 05","446","06.06.2020"
"447","M. Ingvartsen","Marcus Ingvartsen","UB","U Berlin","1. FC Union Berlin","447","06.06.2020"
"448","B. Oczipka","Bastian Oczipka","SKE","Gelsenkirchen","FC Schalke 04","448","06.06.2020"
"449","A. Schwolow","Alexander Schwolow","FBG","Freiburg","SC Freiburg","449","06.06.2020"
"450","J. Kenny","Jonjoe Kenny","SKE","Gelsenkirchen","FC Schalke 04","450","06.06.2020"
"451","J. Torunarigha","Jordan Torunarigha","HB","Hertha","Hertha BSC","451","06.06.2020"
"452","P. Mwene","Phillipp Mwene","MAI","Mainz","1. FSV Main 05","452","06.06.2020"
"453","J. Schmid","Jonathan Schmid","FBG","Freiburg","SC Freiburg","453","06.06.2020"
"454","M. Nastasic","Matija Nastasic","SKE","Gelsenkirchen","FC Schalke 04","454","06.06.2020"
"455","M. Schubert","Markus Schubert","SKE","Gelsenkirchen","FC Schalke 04","455","06.06.2020"
"456","C. Gentner","Christian Gentner","UB","U Berlin","1. FC Union Berlin","456","06.06.2020"
"457","R. Gikiewicz","Rafal Gikiewicz","UB","U Berlin","1. FC Union Berlin","457","06.06.2020"
"458","R. Andrich","Robert Andrich","UB","U Berlin","1. FC Union Berlin","458","06.06.2020"
"459","R. Koch","Robin Koch","FBG","Freiburg","SC Freiburg","459","06.06.2020"
"460","C. Trimmel","Christopher Trimmel","UB","U Berlin","1. FC Union Berlin","460","06.06.2020"
"461","D. Heintz","Dominique Heintz","FBG","Freiburg","SC Freiburg","461","06.06.2020"
"462","J. Todibo","Jean-Clair Todibo","SKE","Gelsenkirchen","FC Schalke 04","462","06.06.2020"
"463","M. Gulde","Manuel Gulde","FBG","Freiburg","SC Freiburg","463","06.06.2020"
"464","C. Lenz","Christopher Lenz","UB","U Berlin","1. FC Union Berlin","464","06.06.2020"
"465","N. Subotic","Neven Subotic","UB","U Berlin","1. FC Union Berlin","465","06.06.2020"
"466","K. Schlotterbeck","Keven Schlotterbeck","UB","U Berlin","1. FC Union Berlin","466","06.06.2020"
"467","Trash","Trash","Trash","Trash","Werder Bremen","467","07.06.2020"
"468","Trash","Trash","Trash","Trash","Vfl Wolfsburg","468","07.06.2020"
"469","Trash","Trash","Trash","Trash","Werder Bremen","469","07.06.2020"
"470","Trash","Trash","Trash","Trash","Vfl Wolfsburg","470","07.06.2020"
"471","Trash2","Trash2","Trash2","Trash2","VfL Wolfsburg","471","07.06.2020"
"472","Trasher","Trasher","Trasher","Trasher","1. FSV Mainz 05","472","07.06.2020"
"473","Trasher","Trasher","Trasher","Trasher","Bayer Leverkusen","473","07.06.2020"
"474","Trasher","Trasher","Trasher","Trasher","1. FSV Mainz 05","474","07.06.2020"
"475","Trasher","Trasher","Trasher","Trasher","Bayer Leverkusen","475","07.06.2020"
